<?xml version='1.0' encoding='UTF-8'?>
<!-- Input driver XML file option is for test automation use only! -->
<!-- only supported in control cluster mode -->
<configuration>
	<!-- REQUIRED INPUT -->
    <property>
        <!-- Kerberos realm -->
        <name>kerberos_realm</name>
        <value>${security.realm}</value>
    </property>

    
    <!-- OPTIONAL PROPERTIES -->
	<property>
	  <!-- cluster name -->
	  <name>cluster_name</name>
	  <value></value>
	</property>    
	<property>
	  <!-- location of input krb5.conf file -->
	  <name>krb5_conf_input</name>
	  <value>${security.kdc.conf.location}</value>
	</property>	
	<property>
	  <!-- directory to place the krb5.conf file on cluster hosts -->
	  <!-- CHANGING THIS IS NOT RECOMMENDED -->
	  <name>krb5_conf_host_dir</name>
	  <value>/etc</value>
	</property>
    <property>
        <!-- over-write existing keytabs with newly created ones on re-secure? (yes or no) -->
        <name>overwrite_keytabs</name>
        <value>yes</value>
    </property>
    <property>
        <!-- re-secure already secured services (yes or no) -->
        <name>re_secure</name>
        <value>yes</value>
    </property>
    <property>
        <!-- ignore if some worker nodes are unreachable? (yes or no) -->
        <name>ignore_dead_workers</name>
        <value>no</value>
    </property>
    <!--  Properties for services -->
    <property>
        <!-- enable Hive authorization (GRANT,...) -->
        <name>hive_auth</name>
        <value>false</value>
    </property>
    <property>
        <!-- Switch to HiveServer2 - required for secure cluster -->
        <name>switch_to_hiveserver2</name>
        <value>true</value>
    </property>
    <property>
        <!-- enable HBase authorization (GRANT,...) -->
        <name>hbase_auth</name>
        <value>false</value>
    </property>
    <property>
        <!-- FQDN of the YARN proxy server (optional) -->
        <name>yarn_proxy</name>
        <value></value>
    </property>
    <property>
        <!-- enable privacy (encryption) (yes or no) -->
        <name>enable_privacy</name>
        <value>no</value>
    </property>
    <property>
        <!-- encryption algorithm if encryption desired (rc4 or 3des) -->
        <name>encrypt_alg</name>
        <value>3des</value>
    </property>
    
    <!-- DO NOT MODIFY -->
    <property>
        <name>icm_reconfig</name>
        <value>true</value>
    </property>
    <property>
        <name>install_kdc</name>
        <value>false</value>
    </property>    
    <property>
        <name>driven_by_icm</name>
        <value>true</value>
    </property>
    <property>
        <name>install_krb5_libs</name>
        <value>false</value>
    </property>         
    <property>
        <!-- Whether -->
        <name>control_cluster</name>
        <value>false</value>
    </property>   
</configuration>

