{
    "nodeGroups": [
	    {
            "name": "master",
            "roles": [
                "basic"
            ],
            "instanceNum": 1,
            "storage": {
                "type": "shared",
                "sizeGB": 250
            },
            "cpuNum": 4,
            "memCapacityMB": 16384,
            "swapRatio": 1,
            "haFlag": "on",
            "rpNames": ["defaultRP"]
        },
	    {
            "name": "namenode",
            "roles": [
                "basic"
            ],
            "instanceNum": 1,
            "storage": {
                "type": "shared",
                "sizeGB": 50
            },
            "cpuNum": 2,
            "memCapacityMB": 16384,
            "swapRatio": 1,
            "haFlag": "on",
            "rpNames": ["defaultRP"]
        },
        {
            "name": "worker",
            "roles": [
                "basic"
            ],
            "instanceNum": 0,
            "storage": {
                "type": "local",
                "sizeGB": 300,
                "dsNames4System": ["defaultDS"]
            },
            "cpuNum": 32,
            "memCapacityMB": 57344,
            "swapRatio": 0.001,
            "haFlag": "off",
            "rpNames": ["auto--2850905600974999919"]
        }
    ],
    "networkNames": [
        "defaultNetwork"
    ]
}

